p1 mw,p1 WF,p2 mw,p2 WF
506970.0313,0.001407415,2713631232,0.001667785
505710.8125,0.001424153,2703027200,0.001688631
504453.0938,0.001443543,2692452864,0.001709719
503199.0313,0.001461306,2681908224,0.001730087
501946.9688,0.00148066,2671387136,0.001752673
500698.0625,0.00149817,2660901632,0.001775498
499450.5938,0.001518635,2650451200,0.001797724
498206.7813,0.001537301,2640030464,0.001821148
496964.9688,0.001556267,2629644800,0.001842868
495725.1875,0.001577476,2619282688,0.00186588
494489,0.00159692,2608950016,0.001891267
493254.8438,0.001618046,2598658048,0.001913851
492023.7813,0.001637205,2588389632,0.001939916
490794.1563,0.001659517,2578161920,0.001962008
489568.125,0.001679996,2567952128,0.001988656
488344.0938,0.001702177,2557782528,0.002014647
487123.125,0.001723154,2547647744,0.002038701
485904.1563,0.001745112,2537536256,0.002066519
484687.6875,0.001768967,2527465216,0.002092273
483474.8125,0.001789172,2517422848,0.002118435
482262.8438,0.001814359,2507409408,0.002147217
481054.9688,0.001836727,2497435648,0.002172925
479849.0625,0.001860152,2487485440,0.002202488
478645.6563,0.001883138,2477574656,0.002230037
477444.25,0.001908777,2467692544,0.00225797
476246.3438,0.001933942,2457839360,0.002288623
475051.4375,0.001956091,2448025088,0.002317276
473857.4688,0.001983668,2438239488,0.002348858
472667.5313,0.002008116,2428493056,0.002376938
471479.5625,0.0020346,2418769664,0.002407934
470294.5625,0.002058768,2409079808,0.002442114
469111,0.00208689,2399434240,0.00247122
467930.9375,0.002114375,2389811200,0.002504919
466753.8125,0.002139598,2380227072,0.002534881
465578.1563,0.002168682,2370665728,0.002569321
464405.9375,0.002196425,2361142528,0.002604321
463236.1875,0.002224484,2351657728,0.00263696
462068.875,0.002251827,2342200832,0.002671313
460903.4688,0.002282607,2332776704,0.002706265
459741.5313,0.002311726,2323385600,0.002740111
458582,0.00234124,2314021888,0.002780486
457424.9063,0.002372132,2304706304,0.002812199
456270.7188,0.002402419,2295407872,0.002853546
455118.9688,0.002433051,2286157056,0.002887698
453969.5938,0.002463077,2276928512,0.002925419
452822.1563,0.002497764,2267732224,0.002966894
451678.5938,0.002528542,2258578176,0.003002351
450536.9375,0.002561914,2249446144,0.003046459
449398.1563,0.002593533,2240360704,0.003083079
448261.2813,0.002628861,2231297536,0.00312324
447127.75,0.002662435,2222265856,0.003167567
445996.625,0.002695256,2213275904,0.003207181
444867.375,0.002732028,2204312576,0.003252541
443741.4688,0.002766891,2195390208,0.0032933
442617.9375,0.002803348,2186494464,0.003336325
441497.2188,0.002836797,2177629952,0.003385474
440377.9063,0.002876762,2168811008,0.003425955
439262.4063,0.002913431,2160013312,0.003474549
438149.25,0.002949338,2151256320,0.003517934
437037.9375,0.002989556,2142525184,0.003565885
435929.9375,0.003029114,2133829632,0.003614371
434824.75,0.003067693,2125169280,0.003661693
433721.875,0.003105545,2116539520,0.003713437
432620.8438,0.003147889,2107949312,0.003759987
431523.0938,0.003189444,2099384832,0.003811237
430428.125,0.003228809,2090855168,0.003863073
429335,0.003271354,2082360064,0.003913583
428244.625,0.003316091,2073895040,0.003969021
427157.5313,0.00335685,2065468928,0.004020847
426072.2188,0.003401313,2057072512,0.004073316
424989.6875,0.003446169,2048705664,0.004131034
423909.9063,0.003490162,2040377344,0.004185071
422832.4063,0.003536245,2032078464,0.004244359
421757.625,0.003581343,2023817856,0.004299768
420685.125,0.00362869,2015586304,0.004355943
419615.3438,0.003676665,2007383808,0.004420025
418548.3125,0.003721936,1999223552,0.00447543
417483.0625,0.003774242,1991087744,0.004541168
416421.4063,0.003822534,1982993664,0.004598057
415362.0313,0.003871399,1974923776,0.004663168
414304.9063,0.003920625,1966891136,0.004726632
413249.9688,0.00397427,1958891136,0.004788443
412198.2188,0.004026636,1950919424,0.004856284
411149.125,0.004076336,1942984448,0.004922239
410101.8125,0.004131861,1935081600,0.004989388
409057.5938,0.00418641,1927211008,0.005059964
408016.0313,0.004241813,1919376640,0.005126142
406977.1563,0.004294003,1911569920,0.00519589
405940,0.004352767,1903794944,0.005269495
404905.9688,0.004409978,1896055808,0.005341171
403874.5313,0.004464471,1888348032,0.005416763
402844.8438,0.004525452,1880675712,0.005487637
401818.25,0.004587071,1873030528,0.005565355
400794.6875,0.004645678,1865420544,0.005641093
399773.3125,0.004702934,1857841408,0.005720945
398753.6563,0.004769181,1850297088,0.005798837
397737.4688,0.00483012,1842783488,0.00587773
396723.4375,0.004891803,1835300352,0.005961059
395711.5625,0.004958338,1827851648,0.006042224
394702.6875,0.005023941,1820433280,0.006127683
393696.4063,0.00509014,1813048832,0.006211104
392692.6563,0.005155259,1805694336,0.006295728
391691.0625,0.005225537,1798369792,0.006388307
390692.4375,0.005292452,1791082752,0.006475335
389695.9688,0.005364529,1783825280,0.006563412
388702.4375,0.005430685,1776597120,0.006660009
387710.5938,0.005504682,1769406080,0.00674706
386721.6875,0.005577287,1762240384,0.006842501
385735.3125,0.005648503,1755107456,0.0069394
384751.0313,0.00572564,1748007168,0.00703779
383769.6875,0.005801317,1740939520,0.007137447
382790.875,0.005877865,1733904256,0.00723058
381814.5313,0.005952758,1726893568,0.007341124
380840.25,0.006033951,1719922688,0.007436871
379868.875,0.00611114,1712976128,0.007546287
378899.5625,0.00619445,1706065024,0.007653275
377933.1563,0.006276142,1699185664,0.007753109
376969.1875,0.00635919,1692330240,0.007871472
376007.7188,0.006440201,1685513600,0.00797863
375048.25,0.006530985,1678724352,0.008091704
374092.0625,0.006611541,1671966208,0.008206302
373137.5,0.006701578,1665238912,0.008327011
372185.7813,0.006790046,1658545920,0.00843599
371236.4688,0.00688,1651876352,0.008564588
370289.625,0.006970569,1645244288,0.008681142
369345.1563,0.007065572,1638638848,0.008804309
368403.5,0.007156178,1632063616,0.008933854
367463.875,0.007253241,1625521792,0.009055614
366527,0.007349514,1619006336,0.009188864
365592.5625,0.007442884,1612524032,0.009313856
364660.0625,0.007544708,1606067584,0.00945096
363730.375,0.007644226,1599644032,0.009590286
362803.0313,0.007745446,1593253248,0.009720687
361878.0938,0.007850661,1586887936,0.009863906
360955.875,0.007951139,1580555008,0.010003672
360035.625,0.008062859,1574250880,0.010145467
359118.5,0.008162194,1567975296,0.010300209
358202.9063,0.008277499,1561734912,0.010440796
357290.4688,0.008382765,1555519488,0.010588804
356379.9375,0.008497208,1549332224,0.010744334
355472.125,0.008609837,1543176192,0.010897077
354566.6563,0.008723256,1537048192,0.0110634
353663.4688,0.008841868,1530954496,0.011214159
352762.9375,0.008955008,1524884992,0.011379291
351864.3438,0.009081095,1518846208,0.011540486
350968.8125,0.009197179,1512834560,0.011710845
350075.1875,0.009318217,1506853504,0.011883202
349183.8125,0.0094455,1500902528,0.012051647
348295.0938,0.009570392,1494978432,0.012222449
347408.6563,0.009700744,1489080960,0.012409605
346524.8438,0.009828952,1483216512,0.012585477
345643.2813,0.009962806,1477378432,0.012771103
344764.3125,0.010089991,1471569792,0.01295215
343887.2188,0.01022792,1465787264,0.013150306
343012.75,0.010367458,1460036992,0.013336842
342140.875,0.010499633,1454312448,0.013526107
341270.8438,0.01064271,1448613632,0.013732918
340403.375,0.010788222,1442946560,0.013935558
339538.5,0.010930911,1437308032,0.014133357
338675.8438,0.011074624,1431694720,0.014341627
337815.3438,0.011230683,1426109440,0.014553514
336957.7813,0.0113742,1420552320,0.014768099
336102.0313,0.011524491,1415023104,0.014985431
335248.4688,0.011686499,1409521408,0.015207277
334397.7813,0.011835773,1404047488,0.015431304
333548.9063,0.011996779,1398600832,0.015650155
332702.5313,0.012161003,1393178368,0.015890362
331858.6875,0.012326756,1387786112,0.01611599
331017.3438,0.012483852,1382417792,0.016363088
330177.75,0.012654372,1377079296,0.016595023
329340.6563,0.012826944,1371764352,0.016839959
328506.0625,0.012996001,1366475904,0.017088993
327673.5625,0.013173867,1361213952,0.01734099
326843.5625,0.013353399,1355978112,0.017586952
326016,0.01352389,1350765440,0.017857041
325190.1875,0.0137141,1345581696,0.018120818
324367.1563,0.013889351,1340423680,0.018377766
323545.875,0.014084958,1335288320,0.018649627
322727.375,0.014270836,1330178560,0.018924838
321910.9375,0.014465502,1325094144,0.019215504
321096.9375,0.014662544,1320037888,0.019477004
320285.3125,0.014856567,1315000832,0.019787939
319475.7813,0.015059227,1309994624,0.020057196
318668.625,0.015257632,1305007488,0.020364817
317863.5,0.015465546,1300047744,0.020654205
317060.75,0.015677208,1295109760,0.0209725
316260.4063,0.015890898,1290199168,0.02126918
315462.4063,0.016101237,1285309824,0.021596467
314666.4375,0.016320501,1280447488,0.021903487
313872.8125,0.016535657,1275606400,0.022227699
313081.1875,0.016761912,1270789248,0.022555597
312291.9063,0.016989736,1265995776,0.022888988
311504.9375,0.017222391,1261225856,0.023228617
310720.3125,0.01744934,1256479616,0.023558153
309937.6563,0.017687453,1251753856,0.023920309
309157.3125,0.017936829,1247054080,0.024259878
308379.625,0.01817311,1242374656,0.024633357
307603.875,0.018414028,1237720960,0.024984021
306830.0938,0.018672643,1233087488,0.025353182
306058.9063,0.018911654,1228476672,0.025728803
305289.3438,0.019177213,1223888512,0.02610893
304522.375,0.019439919,1219322752,0.026496496
303757.6875,0.019703692,1214779520,0.026888015
302995.2188,0.019964617,1210258432,0.027270256
302234.6875,0.020237073,1205756800,0.027690645
301476.375,0.020513084,1201279872,0.028100552
300720.3125,0.020792658,1196824832,0.028499834
299966.4688,0.021076702,1192388864,0.02892198
299214.8438,0.02136446,1187974656,0.029350193
298465.4375,0.021655971,1183581952,0.029784627
297718.2188,0.021942545,1179210624,0.030227095
296972.9063,0.022250038,1174860672,0.030674329
296230.0625,0.02254504,1170531840,0.031128163
295489.0938,0.022852473,1166224000,0.031590521
294750.3125,0.023175199,1161937280,0.032038648
294014.0313,0.023480034,1157668736,0.03253407
293279.5625,0.023801783,1153423616,0.032996505
292547.2813,0.024125822,1149196544,0.033505205
291817.125,0.024455201,1144992384,0.033982612
291089.125,0.024799148,1140806272,0.03448486
290363.5625,0.025116391,1136640256,0.034997944
289639.5,0.025481576,1132494592,0.035516817
288918.1875,0.025817975,1128369024,0.036042649
288198.6875,0.026170041,1124263296,0.036554858
287481.2813,0.02652799,1120174976,0.037120055
286766,0.026889637,1116108928,0.037672114
286052.7813,0.027256234,1112062592,0.03820743
285341.6563,0.027641745,1108033280,0.038797799
284632.9375,0.028018039,1104025856,0.039348941
283926.2813,0.028387468,1100035328,0.039932735
283221.375,0.028787905,1096064000,0.040525962
282518.8438,0.029168703,1092111872,0.041128788
281818.0625,0.029579038,1088178816,0.041763581
281119.625,0.029970339,1084267008,0.042331252
280422.9375,0.030392138,1080369152,0.042987861
279728.5625,0.030807553,1076492544,0.043625779
279036.2188,0.031228742,1072634560,0.044273585
278345.9063,0.031640712,1068795008,0.044903569
277657.3125,0.032086611,1064971584,0.045571003
276971,0.032510128,1061166528,0.046247449
276286.4063,0.032968685,1057379648,0.047199007
275604.0938,0.03340555,1053610944,0.047897924
274923.5,0.033874184,1049862592,0.048592765
274245.1563,0.034323364,1046129856,0.049396388
273568.5,0.034805443,1042415040,0.050253119
272894.0938,0.035250202,1038715584,0.051215272
272221.0625,0.03576402,1035038400,0.051895522
271550.5938,0.03621975,1031374272,0.052627876
270881.4688,0.03673042,1027729856,0.053167168
270214.5938,0.037232935,1024100544,0.053800151
269549.6563,0.037740983,1020490816,0.054503273
268886.6563,0.038239066,1016896000,0.055230703
268225.2813,0.038760543,1013318336,0.055907972
267565.8125,0.039291348,1009759872,0.056537557
266908.2813,0.039826177,1006216128,0.057249375
266252.625,0.040354099,1002689216,0.057819132
265598.625,0.040921856,999179072,0.058566619
264946.7813,0.041461341,995685568,0.059362892
264296.5313,0.042028509,992208640,0.060156822
263648.1875,0.042584281,988746048,0.061100222
263001.4375,0.043184634,985302016,0.061923344
262356.8438,0.043752719,981872128,0.062946625
261713.8125,0.044352375,978460672,0.063890859
261072.6563,0.04493783,975063168,0.064944036
260433.0781,0.045571834,971681728,0.066080868
259795.625,0.046173587,968316288,0.067321286
259159.75,0.046803471,964968832,0.068437278
258525.7031,0.047421504,961632960,0.069764376
257893.2031,0.048068639,958317056,0.07094229
257262.5313,0.048726585,955012544,0.072172649
256633.7031,0.049368519,951725760,0.073198296
256006.3906,0.050043385,948454400,0.07424213
255380.9063,0.050727129,945198464,0.075377911
254757.2188,0.051397812,941955712,0.076590903
254135.0625,0.05209925,938730368,0.077711038
253514.7031,0.052784573,935518016,0.078928769
252895.8438,0.053532634,932320832,0.080069065
252279.0625,0.0542139,929140672,0.081150457
251663.5156,0.054953516,925973376,0.082341582
251049.7344,0.055705801,922820992,0.083553314
250437.7344,0.056440625,919681280,0.08501415
249827.2188,0.057211213,916560320,0.086254589
249218.4688,0.05796656,913449984,0.087612532
248611.2031,0.058758803,910356160,0.089004375
248005.6875,0.059560321,907276864,0.090498738
247401.9063,0.06032199,904211904,0.091938794
246799.3438,0.061172727,901159296,0.093390793
246198.7813,0.061951127,898122880,0.094728276
245599.4063,0.061476864,895098688,0.096202388
245002.0313,0.062633887,892088576,0.097801819
244405.8438,0.063873693,889094464,0.099198736
243811.6406,0.064911895,886112320,0.100495763
243218.625,0.065799512,883144128,0.10170868
242627.2969,0.066599622,880189632,0.10299252
242037.4219,0.067460746,877248960,0.104426451
241449.5156,0.06827081,874321920,0.105750792
240862.7656,0.069061801,871408512,0.107137404
240277.4375,0.069989897,868506688,0.108647384
239693.7969,0.070955999,865620224,0.110024869
239111.8438,0.071751416,862745216,0.111602791
238531.0313,0.072680861,859885504,0.112962
237951.8906,0.073649451,857037056,0.114654996
237374.1563,0.074708365,854203712,0.116282247
236798.3594,0.075711198,851381632,0.117989227
236223.4219,0.077060401,848572608,0.119812012
235650.4063,0.078332961,845778368,0.121638753
235078.5313,0.079672128,842995264,0.123629026
234508.2813,0.081004456,840224896,0.125426129
233939.4375,0.08237388,837465536,0.127429679
233372.2188,0.083770901,834722560,0.129135847
232806.1094,0.085117862,831988608,0.131250024
232241.6406,0.086355053,829269056,0.133290753
231678.5469,0.087695099,826561984,0.13515532
231117.0625,0.088926055,823865600,0.137068063
230556.6875,0.090077206,821183360,0.138759747
229997.9219,0.091038547,818511744,0.140735835
229440.5,0.092112824,815854144,0.142471358
228884.4531,0.093127914,813206912,0.144418642
228329.7344,0.094240606,810571904,0.146480143
227776.6094,0.095394611,807950720,0.148326635
227224.5938,0.096644364,805339776,0.150348902
226674.1406,0.09794084,802740800,0.152322873
226124.7969,0.099364996,800153728,0.154369965
225577.2656,0.10057462,797578496,0.156469226
225030.5625,0.101892091,795015104,0.15852505
224485.6875,0.103199579,792461632,0.160883054
223941.8906,0.104622938,789921536,0.163237989
223399.3906,0.106112093,787393088,0.165567279
222858.4688,0.107623965,784876160,0.167847022
222318.6094,0.109185115,782369024,0.170316666
221780.0469,0.110908709,779875008,0.172528073
221243.0313,0.112524986,777390656,0.17492412
220707.3281,0.114077508,774917568,0.177471757
220172.6719,0.115681536,772455808,0.180191085
219639.5625,0.117303982,770006912,0.182654694
219107.7344,0.118883952,767567488,0.185186878
218576.9531,0.120284967,765139136,0.18772848
218047.7031,0.121582963,762721856,0.190248266
217519.5,0.122984283,760315520,0.192637965
216992.5625,0.124453411,757918400,0.195411146
216467.1563,0.125765607,755533888,0.197720438
215942.7656,0.12713781,753156800,0.200258702
215419.6563,0.128738701,750790528,0.202597544
214898.0469,0.130178615,748431744,0.205301881
214377.2344,0.131838083,746083584,0.207684577
213858.1563,0.133118004,743742784,0.210365191
213339.8594,0.1345689,741412608,0.212792367
212823.0469,0.135852754,739089728,0.215495631
212307.2656,0.137444377,736774144,0.218342498
211792.9531,0.139106408,734467392,0.221194252
211279.6719,0.140918538,732167872,0.224101231
210767.625,0.142837748,729875584,0.22708495
210256.8125,0.144797757,727590400,0.229911849
209747.25,0.146672249,725310848,0.233186394
209238.6875,0.148644939,723040000,0.236208797
208731.5938,0.150527492,720773120,0.239485607
208225.5,0.152633145,718513344,0.24274832
207720.625,0.154641256,716260608,0.245655149
207216.75,0.156585261,714011840,0.248839676
206714.3125,0.158320844,711770112,0.251615733
206212.8906,0.160151839,709532288,0.254636943
205712.6719,0.161870316,707299968,0.257330388
205213.4375,0.163720086,705070080,0.260503083
204715.6406,0.165506974,702847168,0.263327986
204218.6094,0.167552158,700628160,0.266458929
203723,0.169541731,698414656,0.269118816
203228.375,0.171586245,696203584,0.27194649
202734.9531,0.173520669,693996416,0.27473706
202242.7344,0.175239056,691793216,0.277500719
201751.4844,0.177207172,689592512,0.280495405
201261.4219,0.179337919,687395776,0.283457041
200772.5469,0.181409553,685201472,0.286677152
200284.6563,0.183742255,683011200,0.289540648
199797.9375,0.186069518,680821952,0.292871684
199312.1875,0.188566178,678636736,0.295582414
198827.6094,0.190932706,676451136,0.29905197
198344.2188,0.193220735,674269632,0.302276224
197861.7813,0.195520073,672090688,0.305139422
197380.5313,0.197767392,669911424,0.308422863
196900.2188,0.200036749,667734848,0.311704129
196421.0781,0.202207282,665560960,0.314410746
195942.8906,0.204536229,663386816,0.317288429
195465.875,0.206632093,661214016,0.319973826
194989.7969,0.208818778,659041088,0.322938561
194514.875,0.211000085,656869568,0.325808376
194040.9063,0.213442907,654697984,0.329096258
193568.0938,0.215843469,652527808,0.332164496
193096.2188,0.21843788,650357760,0.33517465
192625.4844,0.220924422,648187776,0.338029385
192155.6875,0.223444954,646017920,0.340762556
191686.8438,0.226151824,643846848,0.34391132
191219.3438,0.228701755,641677440,0.346443772
190752.5625,0.23145251,639505536,0.349632204
190286.9219,0.234214157,637333952,0.352890223
189822.2031,0.237158909,635162816,0.355586469
189358.625,0.240059242,632989312,0.358555824
188895.7656,0.243114129,630814912,0.361856431
188434.25,0.245824426,628641152,0.364457369
187973.4375,0.24888061,626463808,0.367537856
187513.9688,0.251527101,624285824,0.370556384
187055.2031,0.254349917,622107136,0.373519152
186597.5625,0.257007837,619926592,0.376291305
186140.6406,0.260026604,617744192,0.37901175
185685.0313,0.262766182,615560000,0.381740332
185230.1406,0.265708148,613374144,0.38407737
184776.5469,0.268169254,611185280,0.386660963
184323.4844,0.271156162,608994816,0.389308035
183871.7188,0.274003178,606802944,0.391882658
183420.6563,0.277226299,604608320,0.395033509
182970.9063,0.280026108,602413696,0.397644043
182521.6563,0.283438265,600216448,0.400685847
182073.7031,0.286427379,598019392,0.403232664
181626.4531,0.289718896,595819904,0.406238019
181180.3125,0.292988837,593620672,0.409257889
180735.0625,0.296228051,591421760,0.411953479
180290.7031,0.299654007,589220672,0.415233046
179847.25,0.303362548,587020032,0.418498725
179404.875,0.306903243,584819904,0.421823144
178963.2031,0.310636103,582620352,0.424891561
178522.625,0.314290375,580420096,0.428303897
178082.9219,0.317854881,578220608,0.431650698
177644.1094,0.321381956,576021824,0.435144126
177206.1875,0.325016141,573823808,0.438953876
176769.1563,0.32870242,571627968,0.442419767
176333.1875,0.332196832,569432960,0.445975363
175897.9219,0.336005777,567238976,0.449439406
175463.7344,0.339386821,565045952,0.453420192
175030.2188,0.343136102,562856512,0.456721783
174597.9688,0.346518666,560668096,0.460078001
174166.4219,0.350462556,558480896,0.463961273
173736.1094,0.354084074,556297344,0.467446834
173306.4844,0.358095169,554115008,0.471405983
172877.9375,0.361887753,551936384,0.474705547
172450.25,0.365861654,549759040,0.478628397
172023.6094,0.369788557,547585536,0.482183635
171597.8594,0.373820037,545414592,0.486054689
171173.1406,0.377918601,543247488,0.489722997
170749.4844,0.381916583,541083072,0.493808091
170326.6875,0.386252791,538922560,0.497763991
169904.9375,0.390649617,536764768,0.501991868
169484.2344,0.395042449,534610944,0.506449163
169064.3906,0.399882019,532462208,0.510418594
168645.7656,0.404502779,530316320,0.514695406
168228,0.409613758,528174432,0.519344807
167811.4375,0.414187789,526037728,0.52346909
167395.5469,0.419462532,523903904,0.528452814
166981.0625,0.424282223,521776448,0.532517195
166567.4063,0.429289252,519651936,0.537174165
166154.7969,0.434219241,517532672,0.541758537
165743.1875,0.439278215,515418624,0.546329498
165332.7969,0.443823785,513309856,0.550491035
164923.2188,0.449120045,511205216,0.555269182
164515.0313,0.453801662,509106976,0.559464872
164107.6719,0.458843827,507012896,0.563859046
163701.3281,0.464101732,504924096,0.568606794
163296.1563,0.46906364,502841696,0.573037624
162892,0.474191129,500764576,0.5776757
162489.0156,0.479089975,498693856,0.58204335
162087.0313,0.483979076,496628416,0.586741686
161686.0469,0.489318669,494569376,0.591279149
161286.3906,0.494162142,492515616,0.596144855
160887.5625,0.499530584,490468224,0.60105902
160489.8906,0.505003691,488427232,0.606064379
160093.375,0.510697961,486392544,0.61113137
159698.0156,0.516416192,484364256,0.616487622
159303.6406,0.522499621,482343328,0.621620059
158910.4063,0.528713822,480328736,0.626514077
158518.3125,0.535217822,478319424,0.632331133
158127.3594,0.541590333,476318496,0.637524009
157737.375,0.548636496,474323872,0.642678261
157348.7031,0.555298686,472335520,0.648535907
156960.9844,0.56246376,470355488,0.653688729
156574.5625,0.569169581,468381728,0.659475505
156189.0938,0.576288104,466416224,0.664579868
155804.9219,0.583229899,464456928,0.669897199
155421.8594,0.590369284,462504864,0.675605118
155039.9063,0.597519755,460560992,0.680557787
154659.0781,0.604651749,458623296,0.686496675
154279.3438,0.612007916,456694752,0.691734016
153900.875,0.618968248,454773280,0.696981907
153523.5,0.625823081,452858944,0.702598929
153147.2344,0.633044839,450952640,0.708607435
152772.2031,0.639780581,449055360,0.713578224
152398.1094,0.647324562,447164096,0.719811618
152025.4219,0.654545009,445281760,0.725749135
151653.8281,0.662071109,443407360,0.73169899
151283.4531,0.669238389,441540864,0.738046646
150914,0.677220464,439683168,0.743677914
150545.9375,0.684795439,437832320,0.750564754
150178.9375,0.693073332,435991200,0.756383598
149813.3281,0.700541615,434156864,0.763333559
149448.6094,0.709147453,432332160,0.769431353
149085.2656,0.717248797,430515104,0.776044488
148722.9688,0.726128995,428706624,0.782629609
148362.0469,0.73438859,426906688,0.789227605
148002.1563,0.742866278,425115232,0.795853913
147643.4688,0.75141871,423332224,0.802511513
147285.9688,0.760034263,421557632,0.809577465
146929.6719,0.768711507,419792320,0.816175759
146574.5469,0.777943134,418035296,0.823256254
146220.75,0.786455452,416287488,0.829839945
145867.9844,0.795238018,414547872,0.836352646
145516.3906,0.804452062,412816448,0.843813062
145166.1094,0.813360035,411094944,0.850850701
144817,0.822335958,409382432,0.857851863
144469.0313,0.83186841,407678848,0.864516795
144122.3906,0.840587854,405983232,0.872036159
143776.7344,0.85071075,404297344,0.879146755
143432.5313,0.859824359,402620224,0.886223316
143089.3281,0.869718611,400951840,0.893732011
142747.3906,0.879760206,399292960,0.900846064
142406.75,0.889638543,397642720,0.908930361
142067.25,0.899860919,396002752,0.915604055
141729,0.910040021,394370432,0.923753738
141391.8906,0.920756578,392748288,0.931436896
141056.0313,0.931656003,391135392,0.938569963
140721.4375,0.942519486,389530848,0.946648896
140388.0938,0.953103662,387936256,0.954162776
140055.8594,0.964150131,386350752,0.961691737
139724.8594,0.975212395,384774272,0.969758451
139395.1094,0.986492455,383207584,0.977364182
139066.5938,0.997761607,381649792,0.985434532
138739.3125,1.009015918,380101664,0.992924154
138413.25,1.020311713,378562336,1.001392365
138088.4063,1.031150222,377033344,1.008875966
137764.6406,1.043494344,375513024,1.016865015
137442.375,1.054114699,374002112,1.024995208
137121.0156,1.066769958,372500576,1.033104658
136801.1719,1.077857614,371008288,1.04182744
136482.3594,1.090187669,369526048,1.050053716
136164.8906,1.102181435,368052992,1.058342695
135848.6094,1.11413157,366588992,1.067207932
135533.5156,1.126792669,365134848,1.076039672
135219.7344,1.139088511,363690432,1.085065603
134907.1406,1.151456118,362255744,1.09356308
134595.7031,1.165132046,360829856,1.102717996
134285.7188,1.177212596,359413536,1.111993909
133976.75,1.190482736,358006720,1.121222734
133669.0625,1.20385468,356609312,1.13042593
133362.6875,1.21662128,355221280,1.140215278
133057.4375,1.230172634,353843296,1.149992585
132753.4844,1.243676543,352475296,1.158562183
132450.7969,1.256637573,351115680,1.169180036
132149.2344,1.271029234,349766656,1.178614378
131849.0938,1.28353107,348426688,1.187878609
131549.9063,1.298495054,347095616,1.198569894
131252.2813,1.310859919,345774976,1.208553791
130955.6016,1.325314641,344463904,1.21782887
130660.3125,1.339387059,343161536,1.228749871
130366.2656,1.353439093,341869376,1.23897922
130073.4531,1.366890788,340586560,1.250109553
129781.7266,1.382578492,339313792,1.260560513
129491.5,1.395880699,338050208,1.271031022
129202.2109,1.411852717,336795776,1.282221794
128914.4219,1.425942063,335551168,1.293347001
128627.6875,1.441600919,334316288,1.303799868
128342.3047,1.456651449,333090336,1.315873981
128058.1094,1.472633362,331874720,1.327279925
127775.25,1.487258554,330668608,1.33870554
127493.4375,1.504178047,329471968,1.349279404
127213.0781,1.519079447,328283968,1.361641526
126933.7578,1.535597444,327105984,1.374127388
126655.7422,1.552169561,325937984,1.385632992
126379.0313,1.568007112,324779104,1.398178697
126103.4844,1.584609866,323630080,1.409885883
125829.2188,1.600662112,322490048,1.423396945
125556.1094,1.617586136,321360384,1.434299588
125284.2813,1.63432157,320238912,1.447903395
125013.7188,1.650336266,319127648,1.460595369
124744.2969,1.668109775,318025824,1.474324703
124476.2734,1.684109569,316934080,1.486185431
124209.3672,1.701160431,315850912,1.500237584
123943.7188,1.718495965,314777696,1.513494492
123679.3203,1.735951304,313713632,1.527913928
123416.1563,1.753539085,312659328,1.542531013
123154.2266,1.77143681,311614752,1.555152535
122893.5391,1.789069414,310578432,1.571849585
122634.0625,1.808029056,309553024,1.584600806
122375.9531,1.825029731,308535744,1.600708127
122118.9141,1.843227625,307528576,1.615996361
121863.0859,1.862420559,306530752,1.632371426
121608.5938,1.880838275,305542848,1.646752954
121355.3047,1.899425387,304563520,1.6634835
121103.2031,1.919048071,303593952,1.680435658
120852.4219,1.937887192,302634144,1.695042729
120602.8281,1.95667851,301682656,1.713551402
120354.3984,1.976760626,300741440,1.729662657
120107.2813,1.996918082,299809088,1.748328924
119861.4609,2.014878273,298886848,1.76450479
119616.6641,2.036246538,297973312,1.782178402
119373.2891,2.055443525,297069088,1.801253319
119131.0625,2.075619936,296174784,1.819146752
118890.1094,2.095921755,295289664,1.836960435
118650.4219,2.114044428,294413632,1.855242729
118411.7422,2.135858536,293546656,1.875005245
118174.4531,2.156656265,292689280,1.89521873
117938.4141,2.176500082,291841472,1.914319158
117703.4922,2.197589397,291002528,1.936435223
117469.8125,2.218759537,290173632,1.955829144
117237.3672,2.237249851,289353440,1.976979971
117005.8906,2.259860039,288542528,1.99856019
116775.7813,2.281145334,287740864,2.022325039
116546.8828,2.301486254,286948992,2.043244362
116319.0781,2.323298931,286165568,2.067949772
116092.4766,2.345387459,285391776,2.093202114
115867.0859,2.364681482,284627616,2.116923571
115642.6328,2.388281107,283872352,2.142827272
115419.5078,2.40924716,283126560,2.169079781
115197.4453,2.431860447,282390144,2.194202185
114976.5703,2.454507828,281662464,2.223393679
114756.8672,2.476011753,280944672,2.249243975
114538.2188,2.498984814,280235488,2.279382706
114320.7344,2.522107124,279536064,2.308057308
114104.4219,2.542209864,278845728,2.337128162
113889.0156,2.566576481,278164448,2.368767977
113674.8906,2.589403152,277492736,2.399046898
113461.9141,2.609362841,276829952,2.432048559
113249.8359,2.63382268,276176608,2.463665724
113039.0156,2.657049179,275532096,2.498163939
112829.3359,2.677413225,274896928,2.53567791
112620.5469,2.700481176,274271648,2.569084644
112412.875,2.723641157,273655008,2.605523586
112206.3281,2.746760607,273047552,2.64296627
112000.8984,2.768336058,272449216,2.678666353
111796.4609,2.790062428,271859360,2.718051195
111593.0078,2.815551996,271278528,2.758448839
111390.7813,2.835973263,270706656,2.794070244
111189.4063,2.860131979,270142528,2.83339119
110989.1328,2.885868073,269586656,2.876570702
110790.0703,2.906331062,269039616,2.914481401
110591.8438,2.93056345,268500192,2.956382513
110394.7031,2.955066204,267968880,2.992952824
110198.6406,2.978054047,267444512,3.040195704
110003.5313,3.000983477,266928784,3.081857204
109809.3672,3.027855396,266420496,3.120458841
109616.3906,3.048931837,265919008,3.167244434
109424.2344,3.075796127,265425456,3.211484671
109233.2578,3.098496199,264939216,3.253081083
109043.2031,3.121469736,264459680,3.295158148
108854.0859,3.146290302,263986800,3.342718601
108666.0078,3.169304609,263521152,3.386963606
108478.8516,3.194387197,263062080,3.436908007
108292.7344,3.217108488,262610160,3.478536367
108107.5234,3.242141485,262164192,3.525916576
107923.3438,3.2649014,261724736,3.574442625
107740.0703,3.291947842,261291760,3.619377375
107557.9297,3.312664986,260864640,3.669993162
107376.5703,3.338031054,260443952,3.717383146
107196.2266,3.361400366,260029072,3.765686512
107016.7734,3.387070656,259619984,3.814969063
106838.3203,3.412816286,259216656,3.86588788
106660.8672,3.434276581,258819088,3.917537451
106484.1797,3.460057974,258427216,3.96465826
106308.4844,3.486329556,258040480,4.013345718
106133.7813,3.512520075,257658864,4.068226814
105960.0625,3.533942223,257282880,4.118758202
105787.0859,3.560496807,256911952,4.176305294
105615.0938,3.58663106,256546640,4.21522522
105444.0703,3.610575199,256185216,4.275264263
105273.9063,3.636675358,255829376,4.329639912
105104.7109,3.660185814,255478496,4.37847662
104936.3594,3.683985949,255132032,4.420853615
104768.8594,3.710155487,254789392,4.478778839
104602.3047,3.733865738,254451680,4.538177013
104436.5938,3.760327578,254118880,4.583097935
104271.8359,3.783945799,253789856,4.63697052
104107.9063,3.810234547,253465152,4.692557335
103944.9219,3.833735943,253144768,4.740054607
103782.7578,3.857259512,252828112,4.788867474
103621.4141,3.883698702,252515168,4.848291397
103461.0078,3.907671213,252206512,4.899932384
103301.4141,3.934767246,251901536,4.952577114
103142.75,3.958751678,251600240,4.997585773
102984.8906,3.983022928,251302080,5.052209854
102827.8359,4.013050556,251007568,5.108460426
102671.8125,4.031847,250716704,5.156062603
102516.3672,4.062111855,250428928,5.205079556
102361.9375,4.086613655,250144240,5.254378319
102208.3047,4.114257813,249862608,5.314814091
102055.5781,4.135537624,249584576,5.354915142
101903.5234,4.163123131,249309056,5.405566216
101752.3672,4.190397739,249036560,5.446516037
101602.1016,4.21492672,248766560,5.499379158
101452.6172,4.239071846,248499584,5.552570343
101303.9063,4.266743183,248235616,5.583489895
101156.0859,4.28776598,247973552,5.626142502
101008.9219,4.318367481,247713952,5.668357849
100862.7422,4.342628956,247456784,5.711856842
100717.3281,4.367009163,247202064,5.743370533
100572.6797,4.390832424,246949232,5.78744173
100428.7891,4.414698124,246698832,5.819200039
100285.6563,4.445716858,246450304,5.86540556
100143.5,4.462961674,246204192,5.885638237
100001.8672,4.494691372,245959392,5.919516087
99861.20313,4.522981644,245716464,5.953435421
99721.39844,4.544041634,245475392,5.988548756
99582.22656,4.568719864,245236176,6.010380745
99443.78906,4.597751617,244998272,6.03151226
99306.20313,4.622962952,244761664,6.067381382
99169.35156,4.651742935,244526896,6.089799881
99033.33594,4.677223206,244293440,6.097341537
98898.05469,4.702449799,244060720,6.119765282
98763.5,4.727480412,243829312,6.140399933
98629.67188,4.7566576,243599184,6.16189146
98496.67188,4.781518459,243370352,6.168759346
98364.39063,4.806366444,243142256,6.176046371
98232.82813,4.83087492,242914912,6.182976723
98101.97656,4.859710693,242688320,6.188586712
97971.94531,4.884402752,242462464,6.194589615
97842.625,4.909015179,242237344,6.20046854
97714.01563,4.937359333,242012976,6.191391468
97586.21094,4.961535931,241788816,6.181805611
97459.11719,4.985039711,241564864,6.186826229
97332.71875,5.008952618,241341632,6.178625584
97207.01563,5.037294865,241118624,6.169894695
97082.11719,5.061332703,240895824,6.160578728
96957.90625,5.085865498,240673216,6.137502193
96834.39063,5.110051632,240450288,6.129743099
96711.5625,5.138518333,240227584,6.106551647
96589.52344,5.162971973,240004544,6.097703457
96468.17188,5.18275404,239781712,6.074956894
96347.39844,5.215871811,239558560,6.05153656
96227.50781,5.236288071,239335088,6.014428616
96108.19531,5.260574818,239110784,6.005163193
95989.55469,5.289914608,238886688,5.967312813
95871.69531,5.31414175,238661744,5.930752277
95754.5,5.339223862,238435984,5.906851292
95637.98438,5.367619038,238209904,5.870303154
95522.22656,5.39248991,237982992,5.833817005
95407.14063,5.41654253,237755248,5.796905994
95292.71094,5.436352253,237526672,5.761395931
95178.84375,5.470602989,237297296,5.711503029
95065.83594,5.489685535,237066560,5.675568104
94953.38281,5.514100552,236835024,5.626434326
94841.58594,5.543165207,236602144,5.578408718
94730.53906,5.56737566,236367936,5.531040192
94620.14844,5.597118855,236132400,5.496850014
94510.50781,5.610604763,235896080,5.439170361
94401.29688,5.646503925,235657920,5.393845081
94292.94531,5.671302319,235418432,5.338715553
94185.23438,5.690752506,235177136,5.294641972
94078.05469,5.721084595,234934544,5.240855217
93971.61719,5.746424198,234690144,5.187452316
93865.82031,5.77163887,234443920,5.145648956
93760.65625,5.796756744,234196432,5.103728294
93656.11719,5.828863144,233947648,5.052090645
93552.32031,5.848433971,233697088,5.001300335
93449.03906,5.874403477,233444736,4.971425056
93346.39063,5.906368256,233191632,4.911824703
93244.46875,5.932271957,232936256,4.88272047
93143.17188,5.958171368,232680128,4.843711853
93042.49219,5.984494686,232422752,4.78678751
92942.42969,6.0107584,232163120,4.758295536
92842.99219,6.042861462,231902752,4.711340904
92744.26563,6.062660694,231640640,4.682997227
92646.05469,6.088346481,231377808,4.645366192
92548.45313,6.120502472,231113760,4.590373993
92451.5625,6.139416218,230847472,4.571147919
92355.17969,6.172326088,230580976,4.527168751
92259.50781,6.19772768,230312784,4.49156332
92164.4375,6.223855972,230043376,4.456645966
92069.96875,6.250370979,229772768,4.422039509
91976.10938,6.276605606,229500976,4.395857334
91882.84375,6.302784443,229228496,4.353562832
91790.17969,6.329475403,228954320,4.327771187
91698.10938,6.355819225,228679472,4.294467449
91606.63281,6.390515804,228403456,4.25323391
91515.85938,6.409908772,228125760,4.235433578
91425.57031,6.43815136,227847904,4.202789307
91335.875,6.472829819,227568880,4.163158417
91246.86719,6.493365288,227288208,4.145925999
91158.34375,6.529024124,227007392,4.107028484
91070.50781,6.550180912,226724928,4.090214252
90983.15625,6.58653307,226442320,4.058821678
90896.49219,6.606947899,226158560,4.028244972
90810.30469,6.642604828,225873680,3.997784853
90724.79688,6.663059235,225587664,3.97436142
90639.76563,6.691559792,225301024,3.950724125
90555.3125,6.736364841,225013760,3.927299261
90471.64063,6.747918606,224725888,3.896876812
90388.33594,6.776458263,224436896,3.873877048
90305.60156,6.813625336,224147280,3.845257282
90223.54688,6.842533112,223856576,3.829639912
90142.05469,6.863400459,223565760,3.801194429
90061.03125,6.900759697,223273840,3.779554844
89980.67188,6.931167603,222981328,3.75764513
89900.88281,6.952104568,222688224,3.736376524
89821.55469,6.982514381,222394528,3.71500802
89742.79688,7.021905899,222100240,3.687907219
89664.69531,7.042779446,221804880,3.673173428
89587.04688,7.083403587,221509440,3.651931763
89510.0625,7.105931282,221213408,3.625072241
89433.53906,7.137570381,220916320,3.609848499
89357.57031,7.178507805,220619136,3.595065832
89282.25,7.201692581,220321888,3.568344831
89207.39063,7.233788013,220023568,3.547951221
89133.07813,7.267316341,219724704,3.527451992
89059.32031,7.29933691,219425280,3.512387991
88986.10938,7.332859039,219125776,3.497534275
88913.44531,7.36653471,218826208,3.471458197
88841.33594,7.399133682,218525600,3.456454039
88769.76563,7.423205853,218224944,3.435512066
88698.64844,7.475874901,217923728,3.420495033
88628.25781,7.490754128,217622448,3.400066137
88558.22656,7.525405884,217320640,3.38550806
88488.73438,7.570805073,217018768,3.365954399
88419.875,7.595769882,216716368,3.351426363
88351.46094,7.630824566,216413920,3.331439018
88283.57813,7.667654991,216110928,3.317250729
88216.23438,7.703954697,215807904,3.303216696
88149.42969,7.74045372,215504816,3.284301043
88083.15625,7.778347492,215201216,3.270594835
88017.42188,7.816241264,214897584,3.256768227
87952.21094,7.843547821,214593888,3.242920637
87887.4375,7.893820763,214290160,3.229295492
87823.28906,7.921972275,213986400,3.210310459
87759.57813,7.960991859,213682112,3.19702816
87696.39063,8.001523972,213377808,3.183637142
87633.72656,8.042814255,213073456,3.170646667
87571.59375,8.084813118,212769088,3.162079096
87509.98438,8.115162849,212465136,3.143958807
87448.80469,8.168948174,212160688,3.130500317
87388.23438,8.200439453,211856224,3.116996765
87328.10156,8.242612839,211551728,3.108207464
87268.47656,8.286995888,211247664,3.08979249
87209.38281,8.329922676,210943104,3.08116889
87150.79688,8.375814438,210638992,3.068300486
87092.73438,8.408531189,210334864,3.055253506
87035.09375,8.454381943,210030704,3.047028065
86977.96875,8.517046928,209726992,3.034005404
86921.45313,8.536434174,209423248,3.021508217
86865.25781,8.599832535,209119488,3.013456583
86809.67188,8.633900642,208816176,3.000679016
86754.5,8.700464249,208512848,2.992520809
86699.9375,8.73679924,208209952,2.979985952
86645.78906,8.790126801,207907040,2.967238665
86592.15625,8.843292236,207604112,2.959017754
86539.02344,8.882104874,207301632,2.950505972
86486.30469,8.93762207,206999584,2.937770367
86434.09375,9.00987339,206697520,2.934100866
86382.48438,9.033412933,206396368,2.917185783
86331.1875,9.109324455,206094736,2.908834457
86280.49219,9.150266647,205793536,2.905370951
86230.20313,9.227545738,205493248,2.89214921
86180.51563,9.250360489,205192928,2.883368969
86131.13281,9.329789162,204893056,2.870509386
86082.35156,9.387846947,204593184,2.866066217
86034.0625,9.433607101,204294192,2.85759902
85986.1875,9.494465828,203995632,2.844865084
85938.80469,9.539635658,203697056,2.841240168
85891.82813,9.625501633,203399376,2.828924179
85845.44531,9.671636581,203101680,2.820910692
85799.46094,9.73958683,202804416,2.817156315
85753.96875,9.810342789,202508032,2.809070587
85708.97656,9.860440254,202212096,2.800947428
85664.38281,9.932961464,201916576,2.793047428
85620.28125,9.98567009,201621488,2.78524971
85576.57813,10.0843811,201326832,2.781851292
85533.46094,10.14104557,201033056,2.77422905
85490.74219,10.22301197,200739712,2.762405634
85448.51563,10.30316162,200446336,2.763237
85406.77344,10.36476612,200154288,2.755784512
85365.42969,10.45225334,199862656,2.752466202
85324.57813,10.53993797,199571888,2.741243601
85284.21094,10.6299324,199281104,2.737972975
85244.32813,10.69950771,198991184,2.738565445
85204.84375,10.76249409,198702560,2.726601124
85165.74219,10.88608551,198413920,2.722617388
85127.22656,10.95567322,198126128,2.714551449
85089.10156,11.05380249,197838752,2.710922003
85051.46094,11.12551975,197552240,2.711203575
85014.21094,11.22810936,197266992,2.699830532
84977.4375,11.33513069,196981744,2.700371981
84941.15625,11.41190052,196697760,2.692793846
84905.25781,11.49035549,196414176,2.689267159
84869.74219,11.60542774,196131440,2.685765028
84834.71875,11.6859026,195849552,2.681951284
84800.07031,11.77288914,195568480,2.678530216
84765.8125,11.89517212,195288256,2.671049118
84732.03906,11.98344421,195008416,2.667726994
84698.64844,12.07644844,194729424,2.668429613
84665.64063,12.17120838,194451680,2.665237427
84633.01563,12.27266788,194174752,2.657826424
84600.78125,12.37037754,193898224,2.658630848
84568.92188,12.47529411,193622928,2.65164423
84537.45313,12.58223438,193348032,2.648443699
84506.36719,12.68816376,193073952,2.649148464
84475.65625,12.80219078,192801104,2.641463995
84445.33594,12.87273598,192528640,2.637690783
84415.29688,12.99390602,192256992,2.633661509
84385.64844,13.10942841,191986144,2.629366875
84356.375,13.18861866,191716096,2.625084639
84327.39063,13.30971146,191446848,2.620714426
84298.78125,13.39788818,191178400,2.612497568
84270.46875,13.52036667,190910336,2.608093977
84242.52344,13.61287785,190643056,2.608038902
84214.875,13.74792671,190376992,2.595475435
84187.60156,13.83992004,190110880,2.594814301
84160.61719,13.92963219,189845968,2.590111971
84133.91406,14.07529449,189581840,2.581967592
84107.59375,14.12232494,189318096,2.577519178
84081.46094,14.27643776,189055120,2.573511124
84055.71094,14.37520885,188792928,2.569920063
84030.24219,14.48169899,188531504,2.562687874
84005.05469,14.59290791,188270464,2.563188553
83980.15625,14.70769787,188010592,2.556225538
83955.54688,14.75868607,187751088,2.549266577
83931.11719,14.87858582,187491936,2.550321341
83906.97656,15.05398464,187233968,2.543322563
83883.21094,15.1184721,186976352,2.540436506
83859.64063,15.2461338,186719504,2.533487558
83836.35156,15.3082037,186463008,2.534703255
83813.25,15.43392563,186207680,2.527552843
83790.42969,15.49648476,185952704,2.519742012
83767.79688,15.70079422,185698080,2.520462513
83745.54688,15.70280743,185444608,2.51333046
83723.39063,15.84102726,185191504,2.50606823
83701.51563,15.91267967,184938720,2.506794453
83679.82813,15.99145794,184687104,2.495065689
83658.32813,16.14297485,184435424,2.495289803
83637.11719,16.21317863,184184896,2.487376928
83616.08594,16.30178261,183934704,2.483137369
83595.25,16.37948418,183685264,2.475287199
83574.60156,16.54342651,183436160,2.471601009
83554.23438,16.54842377,183187792,2.464330196
83533.96094,16.64291191,182939760,2.460679054
83513.875,16.73962593,182692480,2.457028866
83493.98438,16.82306099,182445920,2.445533514
83474.27344,16.92769623,182199296,2.445723772
83454.75781,17.02096748,181953792,2.438450575
83435.42188,17.12891388,181708640,2.434931517
83416.28125,17.143013,181464208,2.423604965
83397.23438,17.16085625,181219696,2.424220562
83378.28125,17.27112961,180976320,2.416961193
83359.51563,17.37440109,180733280,2.413136005
83340.9375,17.484478,180490944,2.405448198
83322.54688,17.42593956,180248944,2.397730112
83304.16406,17.61741257,180007264,2.394419432
83286.05469,17.545681,179766304,2.391069889
83267.94531,17.57591057,179526064,2.379576683
83249.9375,17.78676224,179285744,2.375975847
83232.21094,17.71848106,179046144,2.372419596
83214.48438,17.73929405,178807264,2.36439085
83196.85156,17.8610096,178568688,2.356309414
83179.40625,17.78559685,178330432,2.352724075
83161.96094,17.82471275,178092896,2.34547019
83144.61719,17.93834877,177855664,2.342304945
83127.45313,17.87574959,177619152,2.33516264
83110.29688,17.90617943,177382944,2.328001261
83093.23438,18.03490448,177147056,2.320779562
83076.35938,17.87843895,176911472,2.317654371
83059.39844,17.90060616,176676592,2.31090951
83042.52344,17.94216537,176442032,2.308347464
83025.75,17.97135735,176208176,2.301743031
83009.07031,17.90851021,175974608,2.291368008
82992.39844,17.93335342,175740976,2.292495966
82975.8125,17.87399673,175508432,2.282001257
82959.23438,17.90302467,175275808,2.27899766
82942.75,17.83802032,175043872,2.27234602
82926.26563,17.87886047,174812240,2.269382477
82909.88281,17.80237007,174581296,2.258704185
82893.49219,17.65384674,174350288,2.25560236
82877.02344,17.68527985,174119952,2.248909473
82860.64844,17.61508179,173889936,2.241655588
82844.27344,17.64765167,173660208,2.2342875
82827.99219,17.48306847,173430784,2.230612993
82811.625,17.5141983,173202064,2.219560385
82795.35156,17.34142303,172973248,2.215892792
82778.98438,17.29303551,172745120,2.212549925
82762.63281,17.21341324,172517664,2.19819355
82746.27344,17.15171623,172289760,2.198110819
82729.92188,16.99632835,172062912,2.1905756
82713.48438,17.022686,171836352,2.179909229
82697.14063,16.85941887,171609728,2.17648387
82680.70313,16.62096596,171383776,2.169753075
82664.09375,16.74518967,171158112,2.159395456
82647.67188,16.48417282,170932368,2.156236649
82631.0625,16.42833519,170707312,2.152873039
82614.46094,16.37328911,170482912,2.139404297
82597.86719,16.21646309,170258080,2.139562368
82581.17969,15.98825264,170034272,2.129062891
82564.32031,16.01013565,169810384,2.122138262
82547.54688,15.78992271,169586800,2.115061045
82530.60156,15.72588348,169363504,2.111565351
82513.65625,15.59379101,169140880,2.10123682
82496.625,15.45215988,168918176,2.09403944
82479.50781,15.31335545,168695760,2.086993933
82462.30469,15.17984295,168473648,2.079993963
82445.01563,15.03717899,168251824,2.076217651
82427.63281,14.98452187,168030656,2.066005945
82410.25781,14.84805775,167809408,2.059771299
82392.79688,14.71776867,167588464,2.0534935
82375.25,14.58779144,167367808,2.047060728
82357.61719,14.4622097,167147424,2.04076314
82339.89844,14.40658188,166927344,2.034778118
82322.17969,14.21024227,166707568,2.028822184
82304.28125,14.15820217,166488064,2.019677401
82286.39063,14.04078579,166268480,2.013998032
82268.41406,13.99195862,166049200,2.011295319
82250.44531,13.86837292,165830560,2.002073288
82232.38281,13.68353462,165611856,1.995891809
82214.14844,13.70322227,165393424,1.989825606
82196.00781,13.52368069,165175296,1.983459353
82177.6875,13.47816849,164957456,1.973566294
82159.375,13.35618591,164739536,1.970315218
82140.96875,13.25011444,164522256,1.960377812
82122.48438,13.2062788,164304912,1.953731298
82104.00781,13.09216213,164087856,1.946896076
82085.4375,12.9813509,163871088,1.93992734
82066.78125,12.93482208,163654608,1.929725289
82048.13281,12.820961,163438048,1.922764778
82029.39844,12.71147728,163221776,1.915769458
82010.57813,12.66068363,163005792,1.905926466
81991.75781,12.5559845,162789728,1.902639389
81972.85156,12.51007175,162574320,1.892924666
81953.95313,12.40980625,162358832,1.886639476
81934.97656,12.35744667,162143632,1.880617261
81915.99219,12.20075798,161928720,1.87135756
81896.83594,12.15994072,161713728,1.865633845
81877.6875,12.11584091,161499040,1.859728456
81858.53906,12.02395535,161284624,1.850913167
81839.3125,11.91726494,161070144,1.845082164
81819.99219,11.87956905,160855936,1.839304686
81800.67969,11.8423624,160642032,1.833392143
81781.375,11.75106335,160428400,1.824366212
81761.98438,11.6536417,160214704,1.821315408
81742.5,11.62122726,160001648,1.812193871
81723.03125,11.57947731,159788512,1.806374073
81703.5625,11.48491955,159575680,1.797039747
81684.00781,11.39175892,159362768,1.790778279
81664.36719,11.35330772,159150144,1.787043095
81644.73438,11.30827999,158938144,1.777704597
81625.10156,11.16460228,158726080,1.768179536
81605.29688,11.17365456,158513968,1.764460325
81585.59375,11.12021732,158302464,1.7555089
81565.88281,10.98513985,158090912,1.749296188
81546.00781,10.99162674,157879632,1.743143082
81526.22656,10.89407635,157668640,1.734343886
81506.35156,10.86032963,157457584,1.728548408
81486.49219,10.76647282,157246816,1.722767472
81466.53906,10.68117046,157036320,1.717136025
81446.50781,10.68963242,156826112,1.711518645
81426.57031,10.60515213,156616176,1.706012249
81406.54688,10.56323051,156406528,1.697630763
81386.52344,10.48352528,156196816,1.692171097
81366.42188,10.44543171,155987392,1.686675668
81346.32031,10.41252422,155778240,1.681087732
81326.22656,10.37908173,155569376,1.675118089
81306.14063,10.29966164,155360784,1.666866899
81285.96875,10.26527023,155152128,1.664064407
81265.79688,10.18920231,154944112,1.655635715
81245.54688,10.19709206,154736016,1.649798989
81225.39063,10.12037659,154528208,1.641272783
81205.14844,10.03819084,154320336,1.635139704
81184.82031,10.04948807,154112752,1.631530285
81164.59375,10.01314831,153905776,1.623054743
81144.36719,9.92862606,153698736,1.617653847
81124.05469,9.847262383,153491984,1.612185717
81103.65625,9.86011219,153285504,1.607014537
81083.35938,9.784280777,153079312,1.601707458
81062.97656,9.7470541,152873392,1.593670011
81042.59375,9.713197708,152667408,1.591214657
81022.21875,9.720610619,152462048,1.58336556
81001.9375,9.602221489,152256624,1.577965021
80981.48438,9.612660408,152051472,1.572605014
80961.13281,9.534361839,151846592,1.567385435
80940.6875,9.504076004,151642000,1.562253714
80920.25,9.473815918,151437680,1.554706812
80899.82031,9.440143585,151233312,1.551868677
80879.39063,9.40991497,151029536,1.54417336
80858.96875,9.379514694,150825712,1.5389992
80838.55469,9.346410751,150622160,1.533966899
80818.14063,9.278719902,150418880,1.528940797
80797.64844,9.283725739,150215888,1.523578644
80777.24219,9.215833664,150013152,1.518222809
80756.75781,9.222532272,149810704,1.512094021
80736.36719,9.146915436,149608512,1.50374949
80715.89063,9.158450127,149406288,1.499909997
80695.51563,9.07758522,149204640,1.49177587
80675.04688,9.046760559,149002960,1.486356258
80654.58594,9.016705513,148801536,1.483922124
80634.13281,8.987023354,148600720,1.473890185
80613.6875,8.994384766,148399520,1.473773241
80593.33594,8.92013073,148199248,1.464127898
80572.89063,8.892789841,147998592,1.461518884
80552.46094,8.900836945,147798528,1.459167838
80532.125,8.830430031,147599056,1.449724317
80511.70313,8.798095703,147399216,1.447304487
80491.28125,8.810642242,147199968,1.442805171
80470.96094,8.742243767,147000992,1.436003923
80450.55469,8.746364594,146801952,1.431034088
80430.23438,8.68827343,146603184,1.428552747
80409.84375,8.731156349,146405008,1.421869516
80389.625,8.668602943,146206784,1.419874668
80369.32813,8.601494789,146009152,1.412946582
80348.94531,8.646870613,145811456,1.408541441
80328.74219,8.583049774,145614032,1.404045939
80308.46094,8.555885315,145416880,1.398964405
80288.1875,8.524008751,145219984,1.393769622
80267.91406,8.532301903,145023376,1.387977958
80247.73438,8.538920403,144827008,1.382552624
80227.64844,8.432630539,144630928,1.379338503
80207.39063,8.473187447,144435408,1.372286677
80187.3125,8.409420967,144239856,1.367542863
80167.15625,8.412306786,144044560,1.362468481
80147.08594,8.383478165,143849520,1.355538845
80127.02344,8.353404999,143654448,1.35256958
80106.96875,8.326207161,143459936,1.347963333
80086.92188,8.329821587,143265696,1.343271852
80066.96094,8.263670921,143071728,1.338512301
80046.92188,8.231721878,142878016,1.333928823
80026.88281,8.280982971,142684560,1.327175736
80007.03125,8.215454102,142491056,1.324511766
79987.09375,8.186993599,142298128,1.319816589
79967.15625,8.203519821,142105472,1.315137267
79947.32031,8.175415039,141913056,1.310628772
79927.48438,8.150259018,141720912,1.305848122
79907.64844,8.131357193,141529024,1.301502228
79887.82813,8.106313705,141337408,1.296868205
79868.00781,8.077827454,141146032,1.292114735
79848.1875,8.094442368,140954928,1.287108183
79828.46875,8.066004753,140764080,1.2818712
79808.75,8.036067009,140573488,1.276371717
79789.03125,8.013786316,140383168,1.270976663
79769.32813,8.019258499,140193088,1.266154766
79749.71094,7.989648819,140003280,1.260895371
79730.09375,7.934042931,139813712,1.255986929
79710.40625,7.939685345,139624416,1.252681255
79690.80469,7.909104347,139435664,1.245589972
79671.20313,7.880912781,139246880,1.240413666
79651.60938,7.85173893,139058352,1.235432148
79632.02344,7.859481812,138870064,1.232767701
79612.53125,7.831154823,138682352,1.226118326
79593.03906,7.806172371,138494576,1.223701
79573.55469,7.778057575,138307360,1.219558597
79554.07031,7.750931263,138120400,1.215425849
79534.59375,7.727461815,137933696,1.209252954
79515.125,7.738342285,137746944,1.20683825
79495.75,7.709656715,137560736,1.202970028
79476.375,7.648441315,137374784,1.199163437
79456.91406,7.659665585,137189088,1.195248127
79437.54688,7.63731432,137003632,1.191167593
79418.1875,7.610476971,136818448,1.18674767
79398.83594,7.618068695,136633488,1.182650805
79379.57031,7.556427956,136448800,1.179759979
79360.22656,7.562524796,136264656,1.17303431
79340.96875,7.499515057,136080448,1.170300126
79321.63281,7.541316509,135896800,1.165629387
79302.47656,7.481438637,135713392,1.161117792
79283.23438,7.45424366,135530240,1.154482007
79264,7.390859127,135347040,1.151287079
79244.67969,7.427776814,135164368,1.146230936
79225.53906,7.398288727,134981952,1.141470671
79206.40625,7.332509041,134799792,1.136876464
79187.1875,7.338841915,134617872,1.13267529
79168.0625,7.316513538,134436192,1.128552675
79148.94531,7.289049149,134254752,1.126723409
79129.82813,7.29664278,134073864,1.120855331
79110.80469,7.239725113,133892920,1.119110465
79091.69531,7.217227936,133712520,1.113528967
79072.59375,7.19487524,133532064,1.111790419
79053.5,7.204231262,133352144,1.106518269
79034.49219,7.184675217,133172176,1.104497313
79015.49219,7.127767086,132992744,1.098897099
78996.40625,7.138522148,132813256,1.096957922
78977.41406,7.114113331,132634304,1.092994452
78958.42188,7.123176098,132455600,1.088753223
78939.52344,7.067699909,132277128,1.084273458
78920.54688,7.044028759,132098896,1.080186605
78901.57031,7.051962852,131920912,1.076292634
78882.6875,6.996849537,131743160,1.072303414
78863.72656,6.970513821,131565656,1.067893982
78844.76563,6.977846622,131388384,1.063423038
78825.89844,6.950202942,131211352,1.058876276
78807.03125,6.921996593,131034560,1.055981874
78788.17188,6.893593311,130858296,1.050103664
78769.3125,6.869122028,130681976,1.047653794
78750.46094,6.875124931,130506184,1.042152882
78731.70313,6.816692829,130330344,1.039935827
78712.85938,6.792369366,130155024,1.034367085
78694.02344,6.766226768,129979656,1.032232046
78675.1875,6.772241592,129804808,1.026817918
78656.44531,6.716370106,129629912,1.024599075
78637.61719,6.727508068,129455536,1.019526839
78618.88281,6.704978466,129281112,1.017716765
78600.15625,6.68225193,129107200,1.014466405
78581.42969,6.662608147,128933528,1.01114893
78562.71094,6.637392998,128760088,1.006049395
78543.99219,6.585567951,128586600,1.003933668
78525.19531,6.594094276,128413624,1.000266552
78506.49219,6.600274086,128240888,0.996926606
78487.875,6.549972534,128068376,0.993780553
78469.17969,6.555921078,127896096,0.990457177
78450.57031,6.505176544,127724056,0.986935079
78431.88281,6.481619358,127552240,0.983152032
78413.19531,6.489408016,127380656,0.979337811
78394.60156,6.43424511,127209312,0.975357711
78375.92188,6.445069313,127038184,0.9714275
78357.34375,6.387633324,126867296,0.967658639
78338.67188,6.393541336,126696632,0.964423418
78320.09375,6.342314243,126526208,0.960827529
78301.4375,6.377878666,126356000,0.957451582
78282.95313,6.329276085,126186032,0.955569804
78264.39063,6.278989315,126016560,0.950487196
78245.75,6.283508301,125847048,0.947106898
78227.19531,6.261776924,125677760,0.943840623
78208.64063,6.244272709,125508696,0.942179024
78190.10156,6.217074871,125340136,0.936107218
78171.55469,6.200071335,125171256,0.936217666
78153.02344,6.175638199,125003152,0.931579113
78134.48438,6.157478809,124835000,0.928146899
78115.96094,6.161960602,124667072,0.924640596
78097.52344,6.110247612,124499368,0.922624648
78079,6.089354515,124332168,0.917712986
78060.48438,6.06912899,124164920,0.914462388
78041.97656,6.045763016,123997896,0.910822809
78023.46875,6.025698185,123831096,0.908719301
78004.96875,6.028865337,123664784,0.903478086
77986.55469,5.979314804,123498432,0.899659395
77968.0625,5.956342697,123332304,0.895768881
77949.57813,5.930713177,123166400,0.893568814
77931.09375,5.934875965,123000984,0.888612986
77912.69531,5.914614677,122835528,0.885254204
77894.30469,5.866697788,122670288,0.882112861
77875.83594,5.8436656,122505272,0.880562961
77857.36719,5.850610256,122340752,0.876320183
77838.99219,5.800678253,122176176,0.873428106
77820.53125,5.807596207,122011832,0.870559394
77802.16406,5.75993824,121847704,0.869221926
77783.71875,5.736888885,121684056,0.86520189
77765.27344,5.742042065,121520368,0.862926066
77746.91406,5.697524548,121356904,0.860671341
77728.47656,5.702618122,121193656,0.858252168
77710.13281,5.655089378,121030624,0.855622768
77691.70313,5.660745621,120867816,0.853202701
77673.36719,5.613640308,120705224,0.85101676
77654.95313,5.615406036,120542856,0.850229383
77636.61719,5.572824001,120380968,0.846602917
77618.21094,5.549008369,120219032,0.844228446
77599.80469,5.557557583,120057312,0.84174633
77581.49219,5.507837296,119895816,0.838989437
77563.09375,5.486882687,119734528,0.836114824
77544.70313,5.48856163,119573464,0.83317095
77526.39844,5.442636967,119412616,0.830222011
77508.01563,5.418130398,119251984,0.827791393
77489.63281,5.425206661,119091568,0.82552129
77471.34375,5.375750065,118931368,0.823445082
77452.96875,5.356963158,118771376,0.821251035
77434.60156,5.338063717,118611608,0.817482889
77416.24219,5.316603184,118451792,0.816633105
77397.88281,5.298452377,118292456,0.814074814
77379.53125,5.279196739,118133328,0.811923146
77361.17969,5.286209583,117974416,0.80955565
77342.92188,5.24466753,117815720,0.807092011
77324.58594,5.225072861,117657232,0.80310297
77306.25,5.204695702,117498704,0.801802278
77287.91406,5.163492203,117340648,0.799176455
77269.5,5.169615746,117182800,0.796785831
77251.17969,5.149474144,117025168,0.793022215
77232.85938,5.131933212,116867488,0.79190439
77214.54688,5.090291023,116710280,0.789449632
77196.14844,5.097250938,116553280,0.785451651
77177.84375,5.078420639,116396240,0.783780038
77159.54688,5.057284832,116239664,0.780874312
77141.25,5.014809608,116083296,0.777827203
77122.875,4.992832661,115927144,0.77476579
77104.5,4.993998528,115771200,0.770812273
77086.21094,4.952703953,115615216,0.76962626
77067.85156,4.953510761,115459688,0.76765734
77049.57813,4.887578487,115304376,0.76439935
77031.13281,4.912516594,115149016,0.763787746
77012.86719,4.869823456,114994120,0.760550082
76994.52344,4.848557472,114839176,0.760366023
76976.17969,4.805399418,114684696,0.757680118
76957.75781,4.830976486,114530168,0.757361531
76939.50781,4.790876865,114376104,0.755724251
76921.17969,4.75141573,114222248,0.752848089
76902.77344,4.753961086,114068344,0.752295911
76884.45313,4.733728886,113914904,0.749132335
76866.13281,4.715137959,113761416,0.748526335
76847.82031,4.674122334,113608384,0.745493114
76829.42969,4.679210186,113455312,0.74493295
76811.125,4.63983202,113302688,0.742180109
76792.74219,4.62324667,113150032,0.741262436
76774.36719,4.625969887,112997824,0.73772192
76756.07813,4.584589005,112845568,0.736467779
76737.70313,4.586227894,112693768,0.732734919
76719.42188,4.525871277,112541928,0.731453717
76700.97656,4.548705101,112390536,0.728088796
76682.71094,4.505279541,112239104,0.727286637
76664.35156,4.488936901,112088120,0.724575818
76646.00781,4.468980312,111937096,0.722976983
76627.66406,4.451339722,111786272,0.722735941
76609.32813,4.432516098,111635904,0.720343411
76590.99219,4.412632465,111485480,0.719465911
76572.65625,4.396401882,111335272,0.71972549
76554.33594,4.377559185,111185504,0.717815697
76536.01563,4.359297276,111035696,0.71803081
76517.69531,4.323819637,110886328,0.715766251
76499.29688,4.328312874,110736920,0.714443207
76480.99219,4.308821678,110587720,0.71315825
76462.6875,4.271246433,110438712,0.712786674
76444.30469,4.272237778,110290152,0.710106492
76426.00781,4.236009598,110141552,0.708597183
76407.63281,4.236487865,109993144,0.70851326
76389.34375,4.219581604,109845184,0.705747545
76371.0625,4.182982445,109697184,0.704890549
76352.70313,4.163413525,109549616,0.701555431
76334.34375,4.145249367,109402008,0.699188411
76315.99219,4.144875526,109254608,0.698137343
76297.72656,4.1049757,109107640,0.694872439
76279.38281,4.086709023,108960624,0.693033516
76261.04688,4.086982727,108813816,0.691116095
76242.79688,4.047973633,108667200,0.689264059
76224.46094,4.033175468,108520784,0.688262939
76206.14063,4.014509678,108374800,0.685102642
76187.82031,3.994575262,108228784,0.683008134
76169.5,3.977333784,108082952,0.681340218
76151.1875,3.961500406,107937328,0.680786729
76132.875,3.945877314,107792128,0.677867711
76114.57031,3.931522131,107646896,0.675682783
76096.27344,3.915563583,107501848,0.673927248
76077.97656,3.883519888,107357008,0.6730721
76059.60156,3.903686047,107212592,0.670170426
76041.39844,3.854345322,107068128,0.668449879
76023.03906,3.853943348,106923872,0.667042017
76004.75781,3.838149786,106779800,0.665462852
75986.48438,3.824266195,106635928,0.663570166
75968.21875,3.805768251,106492248,0.661502302
75949.95313,3.772680044,106348760,0.659362614
75931.60938,3.774268866,106205472,0.65833658
75913.35156,3.739820957,106062608,0.655186415
75895.01563,3.73927474,105919696,0.653238237
75876.77344,3.720308065,105776984,0.651606262
75858.52344,3.70339036,105634464,0.650191605
75840.28906,3.667747974,105492128,0.650044739
75821.96875,3.669442177,105350224,0.6476807
75803.74219,3.634588718,105208272,0.646101713
75785.4375,3.631306171,105066520,0.644515276
75767.21094,3.597815275,104924952,0.643354118
75748.91406,3.596921444,104783584,0.642288148
75730.70313,3.564578772,104642400,0.640843689
75712.41406,3.548314333,104501400,0.64103663
75694.125,3.567209721,104360832,0.638715923
75676.00781,3.520664692,104220216,0.637277007
75657.73438,3.506340504,104079792,0.635816634
75639.46094,3.490874052,103939552,0.634661257
75621.1875,3.494008064,103799512,0.633395433
75603.00781,3.464100599,103659648,0.632044792
75584.75,3.450630903,103519984,0.630448282
75566.49219,3.453726768,103380504,0.628473878
75548.32813,3.422602415,103241208,0.626650095
75530.07813,3.426620722,103102104,0.624377966
75511.92188,3.394639969,102963184,0.623165488
75493.67969,3.383241653,102824680,0.6199494
75475.45313,3.382270575,102686136,0.61759907
75457.30469,3.352205038,102547776,0.615740418
75439.07813,3.33635354,102409608,0.614184558
75420.85938,3.320157528,102271616,0.612678051
75402.64063,3.320828915,102133824,0.610807836
75384.51563,3.288272381,101996208,0.609021664
75366.30469,3.27060461,101858776,0.608605146
75348.10156,3.268434048,101721760,0.606007218
75329.99219,3.22183156,101584704,0.605012894
75311.71094,3.237143517,101447824,0.603999197
75293.60938,3.205627203,101311136,0.602845073
75275.42188,3.205660582,101174632,0.601704657
75257.32031,3.177891731,101038312,0.600596011
75239.14844,3.162816286,100902176,0.600512981
75220.97656,3.147110462,100766440,0.59841162
75202.80469,3.135030031,100630672,0.596406043
75184.64063,3.137471199,100494864,0.596201837
75166.57031,3.109070539,100359456,0.594824076
75148.41406,3.110553026,100224232,0.594195247
75130.34375,3.084044695,100089416,0.591418564
75112.20313,3.069456339,99954552,0.589538455
75094.0625,3.056344748,99819880,0.587517977
75075.92188,3.042382956,99685384,0.585804164
75057.78906,3.043035507,99551064,0.584689558
75039.74219,3.014521122,99417040,0.58256793
75021.61719,3.001285076,99283088,0.581169724
75003.5,3.00178051,99149320,0.579581976
74985.46875,2.975899458,99015728,0.578473091
74967.35938,2.960402966,98882424,0.576652944
74949.25,2.946765423,98749192,0.575640023
74931.14844,2.947191,98616136,0.575172424
74913.13281,2.922905684,98483368,0.573808372
74895.03906,2.926653147,98350672,0.572975636
74877.03906,2.902398109,98218160,0.57253623
74858.95313,2.906139612,98085928,0.571303666
74840.95313,2.881489754,97953768,0.570397377
74822.875,2.87170434,97821792,0.570140362
74804.80469,2.875414848,97690096,0.568577528
74786.82031,2.853238106,97558360,0.568303883
74768.75781,2.855822086,97426912,0.567905605
74750.78125,2.831690788,97295744,0.566355705
74732.72656,2.831927061,97164648,0.565356791
74714.75781,2.806951761,97033840,0.56317246
74696.71875,2.791368246,96903096,0.561606228
74678.67188,2.790336847,96772536,0.560652733
74660.71875,2.762428522,96642248,0.558604658
74642.6875,2.759084225,96512032,0.557373106
74624.74219,2.7433815,96382104,0.555220008
74606.79688,2.728175879,96252240,0.553188443
74588.85938,2.700631618,96122552,0.551593244
74570.85156,2.696510315,95993144,0.54949224
74552.92188,2.679158688,95863800,0.54778105
74534.99219,2.653603315,95734632,0.546572328
74516.99219,2.654098988,95605752,0.544955969
74499.07813,2.631111145,95477040,0.543027163
74481.08594,2.634365797,95348392,0.542514265
74463.17969,2.624970436,95220024,0.540939748
74445.27344,2.616909266,95091728,0.539856017
74427.375,2.609572649,94963600,0.539408445
74409.48438,2.602018356,94835752,0.538608968
74391.59375,2.58355093,94708080,0.537356138
74373.625,2.587862492,94580472,0.536824584
74355.74219,2.581478596,94453136,0.535297751
74337.86719,2.571332455,94325872,0.533904135
74319.99219,2.562339067,94198776,0.533406615
74302.125,2.552651644,94072064,0.531019688
74284.26563,2.540712833,93945312,0.529640436
74266.40625,2.51735568,93818736,0.528779328
74248.46875,2.517982006,93692424,0.527854145
74230.61719,2.518843412,93566288,0.526247144
74212.85156,2.496002674,93440216,0.524830997
74195.00781,2.484874964,93314320,0.523917139
74177.17188,2.472983599,93188688,0.521985948
74159.33594,2.460734844,93063128,0.520622551
74141.50781,2.449538946,92937840,0.518676221
74123.67969,2.439510584,92812720,0.516237736
74105.85938,2.42969346,92687664,0.515094221
74088.03906,2.42261672,92562880,0.51359278
74070.22656,2.415397167,92438264,0.511649847
74052.42188,2.406977177,92313712,0.510798097
74034.61719,2.399425745,92189432,0.509772837
74016.82031,2.402023792,92065320,0.508193374
73999.10156,2.383816957,91941272,0.507799625
73981.3125,2.374105692,91817496,0.506849289
73963.52344,2.367093801,91693880,0.505079448
73945.74219,2.356772661,91570336,0.504176378
73927.96094,2.346876144,91447056,0.502901077
73910.1875,2.337202072,91323944,0.501105487
73892.42188,2.333730698,91200888,0.500303984
73874.73438,2.311680555,91078112,0.499135256
73856.97656,2.298047781,90955488,0.498134315
73839.21875,2.286983728,90833040,0.496749371
73821.46875,2.273744106,90710656,0.496493697
73803.71875,2.260756016,90588632,0.494537234
73785.96875,2.249303818,90466568,0.493250817
73768.23438,2.246439457,90344680,0.492417276
73750.57813,2.224672556,90223144,0.48986429
73732.84375,2.224588156,90101584,0.488278121
73715.20313,2.203240871,89980184,0.487457335
73697.47656,2.19494915,89859144,0.4849011
73679.75781,2.187106609,89738064,0.48359406
73662.04688,2.178588867,89617256,0.482253999
73644.33594,2.183005333,89496600,0.480769426
73626.71094,2.167648554,89376112,0.478962213
73609.00781,2.162410021,89255688,0.478755414
73591.3125,2.156500816,89135624,0.476696193
73573.61719,2.152068377,89015520,0.475392759
73555.92969,2.146686316,88895680,0.473593116
73538.24219,2.142066717,88776008,0.471491575
73520.5625,2.145097256,88656392,0.470265359
73502.96875,2.12934804,88537032,0.468423665
73485.29688,2.120619774,88417832,0.466784239
73467.625,2.113819838,88298800,0.465520889
73449.96875,2.114070415,88179928,0.464079827
73432.38281,2.09779954,88061208,0.462246507
73414.73438,2.087854862,87942560,0.461319387
73397.07813,2.079393148,87824160,0.459760994
73379.4375,2.069303036,87705920,0.458353519
73361.78906,2.060718298,87587848,0.457160205
73344.15625,2.050023079,87469928,0.456204593
73326.52344,2.050282001,87352168,0.454776853
73308.96875,2.033088684,87234472,0.453990281
73291.34375,2.024071932,87117032,0.453117341
73273.72656,2.01657486,86999744,0.452494115
73256.10938,2.018829584,86882616,0.451377332
73238.57813,1.993408322,86765648,0.45051825
73220.89063,2.004188299,86648840,0.449573815
73203.36719,1.988222003,86532088,0.449162066
73185.76563,1.983544946,86415592,0.448747963
73168.17188,1.976935863,86299344,0.446760982
73150.57813,1.970937848,86182976,0.446942955
73132.99219,1.97220695,86067040,0.445528656
73115.48438,1.946341634,85951168,0.443997383
73097.82813,1.956323504,85835360,0.443562776
73080.33594,1.938357592,85719800,0.443085343
73062.76563,1.930414319,85604488,0.441769838
73045.19531,1.923856616,85489152,0.441521555
73027.63281,1.924643755,85374056,0.440798044
73010.15625,1.899785399,85259120,0.439354867
72992.52344,1.899110079,85144240,0.438863307
72974.97656,1.895623803,85029704,0.437336385
72957.50781,1.87801373,84915232,0.435953498
72939.96875,1.868657947,84800816,0.435242295
72922.4375,1.857608914,84686648,0.43471247
72904.89844,1.850529909,84572728,0.433451861
72887.375,1.843148232,84458776,0.433054984
72869.85156,1.843180776,84345072,0.432205707
72852.40625,1.828861475,84231520,0.430960357
72834.89844,1.820633292,84118032,0.431043893
72817.38281,1.813783407,84004872,0.430130422
72799.875,1.80817163,83891776,0.429354906
72782.375,1.800974011,83778744,0.42916742
72764.875,1.795040846,83665952,0.428592473
72747.38281,1.788573503,83553320,0.427773207
72729.89063,1.782033682,83440832,0.426679909
72712.40625,1.782700896,83328496,0.425663143
72695,1.760300398,83216312,0.424570531
72677.44531,1.768956423,83104184,0.424076974
72660.05469,1.755249858,82992304,0.423945934
72642.58594,1.74877584,82880664,0.422824383
72625.11719,1.741805911,82768992,0.422322661
72607.65625,1.732775927,82657560,0.421256959
72590.20313,1.72413671,82546280,0.419835836
72572.75,1.713203788,82435152,0.418542504
72555.29688,1.703663588,82324168,0.417333484
72537.85156,1.694493055,82213336,0.416354984
72520.41406,1.69438827,82102648,0.415242463
72503.0625,1.670265675,81992032,0.414884031
72485.54688,1.679008842,81881640,0.414404035
72468.20313,1.661989093,81771496,0.413123459
72450.77344,1.654667854,81661320,0.412856281
72433.35938,1.646071076,81551376,0.412389398
72415.94531,1.637130499,81441592,0.411557227
72398.53125,1.629593492,81331856,0.411794275
72381.125,1.623722196,81222448,0.411308378
72363.72656,1.617121458,81113096,0.410346776
72346.32813,1.611019373,81003808,0.410016686
72328.92969,1.612498283,80894752,0.409389317
72311.625,1.590125203,80785848,0.408324122
72294.15625,1.600189924,80677000,0.408320844
72276.85938,1.585975051,80568472,0.407573581
72259.47656,1.571940541,80460000,0.406703681
72242.02344,1.578452229,80351592,0.406367987
72224.73438,1.555755258,80243416,0.405245513
72207.29688,1.55988729,80135384,0.404036433
72190.01563,1.541576266,80027504,0.402431279
72172.65625,1.530805945,79919672,0.40174678
72155.30469,1.520270467,79812080,0.400736958
72137.95313,1.511808634,79704624,0.399971813
72120.60938,1.504882455,79597320,0.399011075
72103.27344,1.497127414,79490072,0.399058372
72085.9375,1.490159869,79383144,0.398409754
72068.60938,1.483160496,79276272,0.398001909
72051.28125,1.477014422,79169544,0.397433519
72033.95313,1.472281337,79062872,0.39748165
72016.64063,1.466795325,78956432,0.397405505
71999.32031,1.464078546,78850136,0.397105962
71982.01563,1.466503978,78743976,0.396521002
71964.78906,1.456769943,78637880,0.396524519
71947.48438,1.453582764,78532008,0.396233529
71930.1875,1.449584246,78426280,0.39589566
71912.89063,1.444876075,78320696,0.39540109
71895.60156,1.441398621,78215168,0.395509541
71878.32031,1.429514885,78109872,0.395155936
71860.95313,1.439036012,78004712,0.394313037
71843.75781,1.425457835,77899696,0.392989039
71826.48438,1.417323709,77794736,0.391960144
71809.21875,1.407243609,77690000,0.39097774
71791.95313,1.397698522,77585408,0.390010834
71774.69531,1.387274146,77480952,0.38887924
71757.4375,1.378590822,77376560,0.388556093
71740.17969,1.372157812,77272384,0.387951881
71722.9375,1.362165213,77168360,0.387402147
71705.6875,1.355055332,77064464,0.386444211
71688.45313,1.346783996,76960632,0.386334211
71671.21875,1.338658333,76857016,0.386097342
71653.98438,1.331252337,76753544,0.386143565
71636.75781,1.323881269,76650216,0.385937244
71619.53125,1.318005443,76546936,0.386619925
71602.3125,1.319659352,76443968,0.385940552
71585.17969,1.303091764,76340968,0.386256427
71567.89063,1.309453964,76238192,0.385688633
71550.75781,1.293185115,76135472,0.386234522
71533.47656,1.299648404,76033056,0.385454297
71516.35938,1.282774091,75930608,0.385644644
71499.08594,1.2850945,75828384,0.385273278
71481.89844,1.280152917,75726216,0.385700047
71464.71094,1.274347425,75624344,0.384155363
71447.53125,1.26675725,75522448,0.38311249
71430.35156,1.259411931,75420696,0.382417738
71413.17969,1.254616499,75319152,0.381525934
71396.08594,1.234216332,75217752,0.380524367
71378.84375,1.2385391,75116488,0.37951535
71361.75781,1.220720053,75015280,0.379388481
71344.52344,1.22572124,74914288,0.378733933
71327.45313,1.208487034,74813432,0.378438115
71310.22656,1.207523942,74712712,0.377690226
71293.07813,1.206927061,74612040,0.377604604
71276.01563,1.189717889,74511592,0.37746799
71258.80469,1.194343567,74411280,0.377337098
71241.75,1.179109097,74311104,0.377139896
71224.53906,1.180977106,74210976,0.377430737
71207.41406,1.182821989,74111064,0.377267063
71190.375,1.169193268,74011288,0.377438873
71173.17969,1.177618146,73911648,0.37690571
71156.14844,1.164216161,73812064,0.376770347
71138.96094,1.173346639,73712688,0.376597017
71121.9375,1.165374279,73613456,0.376636505
71104.83594,1.162407637,73514344,0.376515567
71087.74219,1.15927434,,
71070.64844,1.155155659,,
71053.5625,1.149589062,,
71036.48438,1.135844231,,
71019.32031,1.139305472,,
71002.32813,1.121805787,,
70985.17969,1.125101566,,
70968.1875,1.108227253,,
70951.04688,1.107014418,,
70933.99219,1.105177283,,
70917.01563,1.087578773,,
70899.89063,1.090137601,,
70882.92188,1.072041631,,
70865.79688,1.075361609,,
70848.83594,1.05890131,,
70831.72656,1.057866335,,
70814.69531,1.052045822,,
70797.67188,1.046311021,,
70780.64844,1.042100191,,
70763.63281,1.036773682,,
70746.61719,1.036754966,,
70729.6875,1.022828817,,
70712.60938,1.026732087,,
70695.67969,1.012611866,,
70678.60938,1.015073419,,
70661.69531,0.997744799,,
70644.625,0.994056821,,
70627.64063,0.986690223,,
70610.66406,0.980069458,,
70593.6875,0.974946141,,
70576.71094,0.97046119,,
70559.74219,0.969574988,,
70542.85938,0.95511663,,
70525.82031,0.958846569,,
70508.9375,0.946157455,,
70491.91406,0.945332527,,
70474.96094,0.943331897,,
70458.01563,0.94146359,,
70441.07813,0.940498412,,
70424.14063,0.940302193,,
70407.21094,0.940310657,,
70390.28125,0.939041972,,
70373.35938,0.93752712,,
70356.44531,0.935522735,,
70339.52344,0.935625851,,
70322.61719,0.932877481,,
70305.71094,0.929917097,,
70288.80469,0.926585615,,
70271.90625,0.921476364,,
70255.00781,0.916064024,,
70238.11719,0.911340415,,
70221.23438,0.906407833,,
70204.35156,0.900341809,,
70187.46875,0.892472506,,
70170.59375,0.883730173,,
70153.72656,0.874507964,,
70136.85938,0.864964068,,
70120,0.856156826,,
70103.14063,0.84489882,,
70086.20313,0.847916067,,
70069.42969,0.835376799,,
70052.50781,0.840251088,,
70035.74219,0.835215449,,
70018.90625,0.832892537,,
70002.07031,0.832004488,,
69985.24219,0.828834772,,
69968.33594,0.837059617,,
69951.59375,0.828423858,,
69934.69531,0.835918009,,
69917.96094,0.827848196,,
69901.07813,0.833067417,,
69884.34375,0.823762536,,
69867.46875,0.824474633,,
69850.67188,0.825822949,,
69833.95313,0.815611064,,
69817.08594,0.818780303,,
69800.375,0.805786431,,
69783.51563,0.806788146,,
69766.82031,0.792097986,,
69749.96875,0.791957557,,
69733.27344,0.778107285,,
69716.42969,0.775356233,,
69699.67188,0.769269526,,
69682.91406,0.764663994,,
69666.15625,0.763923049,,
69649.48438,0.752956569,,
69632.66406,0.757117629,,
69616,0.74921447,,
69599.1875,0.751111507,,
69582.45313,0.750342071,,
69565.72656,0.749720097,,
69549,0.748317122,,
69532.27344,0.74601841,,
69515.5625,0.742406368,,
69498.84375,0.739165187,,
69482.14063,0.735188365,,
69465.42969,0.733986557,,
69448.73438,0.730068684,,
69432.03125,0.726617038,,
69415.34375,0.722191155,,
69398.64844,0.717755318,,
69381.96875,0.712681353,,
69365.28906,0.707148492,,
69348.60938,0.702785254,,
69331.9375,0.699441671,,
69315.26563,0.697149754,,
69298.60156,0.694715977,,
69281.9375,0.693897545,,
69265.28125,0.692611039,,
69248.63281,0.690812826,,
69231.98438,0.689273953,,
69215.33594,0.688920438,,
69198.69531,0.689283252,,
69182.05469,0.689199328,,
69165.42188,0.688223064,,
69148.79688,0.686309338,,
69132.17188,0.683260679,,
69115.54688,0.681276381,,
69098.92969,0.679583132,,
69082.32031,0.676291645,,
69065.71094,0.672521591,,
69049.10938,0.666715801,,
69032.50781,0.661070466,,
69015.90625,0.655437946,,
68999.3125,0.649858356,,
68982.72656,0.644184828,,
68966.14063,0.639652967,,
68949.5625,0.635316432,,
68932.98438,0.631620169,,
68916.40625,0.62920332,,
68899.83594,0.626274705,,
68883.27344,0.623689234,,
68866.71094,0.620741069,,
68850.15625,0.617717266,,
68833.60156,0.616320014,,
68817.05469,0.615768671,,
68800.50781,0.616062164,,
68783.96875,0.614219487,,
68767.42969,0.611943781,,
68750.89844,0.610648036,,
68734.36719,0.610417187,,
68717.84375,0.609685421,,
68701.32031,0.609015346,,
68684.80469,0.607550681,,
68668.28906,0.605873406,,
68651.78125,0.604052186,,
68635.27344,0.604440629,,
68618.85156,0.596274972,,
68602.27344,0.598302722,,
68585.78125,0.59907943,,
68569.36719,0.592062175,,
68552.80469,0.592782795,,
68536.32813,0.591694772,,
68519.84375,0.590800226,,
68503.375,0.591880023,,
68486.97656,0.589071274,,
68470.51563,0.58608824,,
68453.97656,0.593120933,,
68437.59375,0.59178704,,
68421.14063,0.588493049,,
68404.60938,0.594096839,,
68388.24219,0.591042936,,
68371.79688,0.590225458,,
68355.35938,0.590602756,,
68338.92969,0.590414286,,
68322.5,0.59022665,,
68306.07031,0.588548481,,
68289.64844,0.5855093,,
68273.22656,0.581671476,,
68256.8125,0.577889502,,
68240.40625,0.573762059,,
68224,0.570061505,,
68207.59375,0.567827523,,
68191.19531,0.566076458,,
68174.80469,0.562920094,,
68158.41406,0.560162842,,
68142.02344,0.560022235,,
68125.71875,0.552705944,,
68109.26563,0.556470752,,
68092.96094,0.553853095,,
68076.59375,0.553928435,,
68060.22656,0.554429471,,
68043.85938,0.554473341,,
68027.5,0.554047465,,
68011.14844,0.553956091,,
67994.79688,0.55379355,,
67978.44531,0.554988265,,
67962.10156,0.553362727,,
67945.76563,0.551582634,,
67929.42969,0.54884249,,
67913.09375,0.547397137,,
67896.84375,0.537763834,,
67880.44531,0.537975311,,
67864.19531,0.530580342,,
67847.80469,0.534527183,,
67831.57031,0.52859056,,
67815.1875,0.532335997,,
67798.95313,0.528811634,,
67782.65625,0.526618004,,
67766.35938,0.525800407,,
67750.07031,0.524420142,,
67733.78125,0.524060786,,
67717.49219,0.525148511,,
67701.21094,0.525869846,,
67684.9375,0.527804673,,
67668.73438,0.522111893,,
67652.39063,0.523515105,,
67636.125,0.52414161,,
67619.86719,0.524622262,,
67603.67969,0.518486977,,
67587.35938,0.519177973,,
67571.10938,0.517657578,,
67554.9375,0.511300206,,
67538.69531,0.503827453,,
67522.38281,0.501627028,,
67506.14844,0.500580072,,
67489.99219,0.496775717,,
67473.76563,0.492790729,,
67457.46875,0.495565474,,
67441.32031,0.491130263,,
67425.10938,0.489388108,,
67408.89844,0.489767343,,
67392.76563,0.484382927,,
67376.49219,0.485584795,,
67360.28906,0.486682475,,
67344.09375,0.489953727,,
67327.97656,0.487934828,,
67311.71875,0.493687719,,
67295.60938,0.493233532,,
67279.42969,0.495222569,,
67263.25,0.494380742,,
67247.00781,0.498962134,,
67230.91406,0.4960455,,
67214.75,0.494604856,,
67198.58594,0.490207791,,
67182.35938,0.490739524,,
